{"cameraMode":{"drawMode":0,"name":"Shaded","section":"Shading Mode"},"sceneLighting":true,"audioPlay":false,"sceneViewState":{"showFog":true,"showMaterialUpdate":false,"showSkybox":true,"showFlares":true,"showImageEffects":true,"showParticleSystems":true},"in2DMode":false,"pivot":{"x":9.904952049255371,"y":3.607898712158203,"z":14.45848274230957},"rotation":{"x":0.3032163083553314,"y":0.06026960536837578,"z":-0.019212208688259126,"w":0.9508311152458191},"size":19.444137573242189,"orthographic":false}